,type,step,accuracy,loss
0,train,0,14.0625,2.30629563331604
1,train,1,15.625,2.776763916015625
2,train,2,23.4375,2.2019293308258057
3,train,3,17.1875,2.2333450317382812
4,train,4,35.9375,1.9178777933120728
5,train,5,39.0625,1.8624467849731445
6,train,6,51.5625,1.5361543893814087
7,train,7,50.0,1.4175299406051636
8,train,8,48.4375,1.545413613319397
9,train,9,51.5625,1.3965425491333008
10,train,10,68.75,0.936857283115387
11,train,11,62.5,0.9543799161911011
12,train,12,60.9375,0.848349928855896
13,train,13,70.3125,1.0013213157653809
14,train,14,89.0625,0.4583357572555542
15,train,15,70.3125,0.7745537757873535
16,train,16,73.4375,0.8081330060958862
17,train,17,81.25,0.6919518113136292
18,train,18,76.5625,0.6355584263801575
19,train,19,68.75,0.9446251392364502
20,train,20,71.875,0.8220126032829285
21,train,21,73.4375,0.7704467177391052
22,train,22,75.0,0.5660444498062134
23,train,23,67.1875,0.6560004353523254
24,train,24,76.5625,0.5407839417457581
25,train,25,82.8125,0.4285489320755005
26,train,26,93.75,0.33181631565093994
27,train,27,87.5,0.43289273977279663
28,train,28,87.5,0.3056637644767761
29,train,29,95.3125,0.1567600965499878
30,train,30,90.625,0.2074587494134903
31,train,31,89.0625,0.2641147971153259
32,train,32,96.875,0.16147609055042267
33,train,33,93.75,0.13629429042339325
34,train,34,96.875,0.08833446353673935
35,train,35,87.5,0.45923513174057007
36,train,36,93.75,0.18564248085021973
37,train,37,89.0625,0.328065425157547
38,train,38,85.9375,0.4297220706939697
39,train,39,89.0625,0.37071871757507324
40,train,40,92.1875,0.32867375016212463
41,train,41,89.0625,0.2890322506427765
42,train,42,90.625,0.29357293248176575
43,train,43,95.3125,0.17562736570835114
44,train,44,84.375,0.3450969457626343
45,train,45,96.875,0.13610488176345825
46,train,46,93.75,0.14951980113983154
47,train,47,92.1875,0.17113324999809265
48,train,48,87.5,0.49769100546836853
49,train,49,89.0625,0.27565792202949524
50,train,50,95.3125,0.15530367195606232
51,train,51,92.1875,0.2407943457365036
52,train,52,85.9375,0.4385102689266205
53,train,53,90.625,0.2054971158504486
54,train,54,92.1875,0.22427822649478912
55,train,55,95.3125,0.14095504581928253
56,train,56,95.3125,0.27004876732826233
57,train,57,98.4375,0.07128063589334488
58,train,58,93.75,0.2899198532104492
59,train,59,92.1875,0.2859600782394409
60,train,60,90.625,0.18873390555381775
61,train,61,96.875,0.1473403126001358
62,train,62,92.1875,0.24474360048770905
63,train,63,96.875,0.13957920670509338
64,train,64,98.4375,0.053608138114213943
65,train,65,96.875,0.2085590660572052
66,train,66,96.875,0.07289344817399979
67,train,67,92.1875,0.24700966477394104
68,train,68,89.0625,0.32841378450393677
69,train,69,95.3125,0.13113701343536377
70,train,70,87.5,0.5176243782043457
71,train,71,98.4375,0.11253202706575394
72,train,72,92.1875,0.2224215865135193
73,train,73,90.625,0.31108203530311584
74,train,74,92.1875,0.26330411434173584
75,train,75,90.625,0.33242034912109375
76,train,76,95.3125,0.15754994750022888
77,train,77,93.75,0.19318464398384094
78,train,78,93.75,0.2887645959854126
79,train,79,90.625,0.3010639250278473
80,train,80,96.875,0.12785236537456512
81,train,81,95.3125,0.1801096796989441
82,train,82,93.75,0.1724344789981842
83,train,83,98.4375,0.09684864431619644
84,train,84,93.75,0.15976154804229736
85,train,85,95.3125,0.1059323251247406
86,train,86,95.3125,0.16856952011585236
87,train,87,96.875,0.11982236057519913
88,train,88,93.75,0.2400841861963272
89,train,89,96.875,0.09727919101715088
90,train,90,100.0,0.06004897132515907
91,train,91,96.875,0.10129890590906143
92,train,92,98.4375,0.04772203043103218
93,train,93,93.75,0.11174121499061584
94,train,94,96.875,0.14810828864574432
95,train,95,100.0,0.039528343826532364
96,train,96,92.1875,0.1779966801404953
97,train,97,95.3125,0.2492051124572754
98,train,98,98.4375,0.047602348029613495
99,train,99,100.0,0.03845750167965889
100,train,100,96.875,0.06150847673416138
101,train,101,98.4375,0.048320069909095764
102,train,102,100.0,0.027157872915267944
103,train,103,96.875,0.1336418092250824
104,train,104,96.875,0.061197679489851
105,train,105,93.75,0.16548335552215576
106,train,106,98.4375,0.05032987892627716
107,train,107,98.4375,0.07795967906713486
108,train,108,98.4375,0.038086265325546265
109,train,109,100.0,0.004531014710664749
110,train,110,93.75,0.23358269035816193
111,train,111,100.0,0.01448285486549139
112,train,112,96.875,0.06948848068714142
113,train,113,98.4375,0.05183202400803566
114,train,114,98.4375,0.039947133511304855
115,train,115,96.875,0.18987829983234406
116,train,116,98.4375,0.051717013120651245
117,train,117,93.75,0.18459349870681763
118,train,118,98.4375,0.04860719293355942
119,train,119,96.875,0.038528431206941605
120,train,120,100.0,0.019743507727980614
121,train,121,96.875,0.07662263512611389
122,train,122,98.4375,0.047682031989097595
123,train,123,98.4375,0.026103928685188293
124,train,124,96.875,0.12144394218921661
125,train,125,92.1875,0.22118593752384186
126,train,126,93.75,0.1008172556757927
127,train,127,100.0,0.01610121876001358
128,train,128,98.4375,0.07790921628475189
129,train,129,95.3125,0.1149468794465065
130,train,130,100.0,0.010826998390257359
131,train,131,96.875,0.08053132891654968
132,train,132,96.875,0.12408068776130676
133,train,133,96.875,0.108183354139328
134,train,134,98.4375,0.07117602229118347
135,train,135,98.4375,0.025676457211375237
136,train,136,98.4375,0.049859076738357544
137,train,137,93.75,0.2048734724521637
138,train,138,100.0,0.01630844920873642
139,train,139,96.875,0.06113862246274948
140,train,140,96.875,0.04657749459147453
141,train,141,98.4375,0.059921108186244965
142,train,142,95.3125,0.20440007746219635
143,train,143,96.875,0.09955674409866333
144,train,144,98.4375,0.14189404249191284
145,train,145,98.4375,0.06335476785898209
146,train,146,98.4375,0.04607808589935303
147,train,147,95.3125,0.22659888863563538
148,train,148,98.4375,0.03812740370631218
149,train,149,98.4375,0.051813092082738876
150,train,150,98.4375,0.03940301015973091
151,train,151,89.0625,0.4310838282108307
152,train,152,100.0,0.0132675776258111
153,train,153,96.875,0.1092948466539383
154,train,154,96.875,0.07979000359773636
155,train,155,92.1875,0.14619621634483337
156,train,156,95.3125,0.10662397742271423
157,train,157,100.0,0.01916591078042984
158,train,158,95.3125,0.11423426866531372
159,train,159,100.0,0.03246546909213066
160,train,160,98.4375,0.02871377021074295
161,train,161,98.4375,0.042717352509498596
162,train,162,100.0,0.01089418027549982
163,train,163,93.75,0.2667838931083679
164,train,164,87.5,0.3049684166908264
165,train,165,96.875,0.07945769280195236
166,train,166,96.875,0.0425516813993454
167,train,167,93.75,0.1891552358865738
168,train,168,96.875,0.05572554096579552
169,train,169,96.875,0.08774955570697784
170,train,170,100.0,0.03231179714202881
171,train,171,98.4375,0.07786274701356888
172,train,172,93.75,0.19487719237804413
173,train,173,96.875,0.07567861676216125
174,train,174,93.75,0.17121906578540802
175,train,175,100.0,0.009502852335572243
176,train,176,98.4375,0.08668101578950882
177,train,177,93.75,0.14728552103042603
178,train,178,96.875,0.09292851388454437
179,train,179,96.875,0.05003871023654938
180,train,180,100.0,0.007714161183685064
181,train,181,95.3125,0.05790422856807709
182,train,182,100.0,0.04135749489068985
183,train,183,96.875,0.04361814260482788
184,train,184,96.875,0.2015322744846344
185,train,185,100.0,0.0105256587266922
186,train,186,98.4375,0.0278631504625082
187,train,187,96.875,0.07331636548042297
188,train,188,96.875,0.12302064895629883
189,train,189,96.875,0.0910942554473877
190,train,190,93.75,0.11528909206390381
191,train,191,100.0,0.01343249250203371
192,train,192,100.0,0.004982762038707733
193,train,193,96.875,0.09098343551158905
194,train,194,96.875,0.12099698930978775
195,train,195,98.4375,0.034679122269153595
196,train,196,92.1875,0.23965303599834442
197,train,197,98.4375,0.031846605241298676
198,train,198,95.3125,0.13005055487155914
199,train,199,98.4375,0.056894149631261826
200,train,200,98.4375,0.12020019441843033
201,train,201,100.0,0.011362084187567234
202,train,202,95.3125,0.09984947741031647
203,train,203,100.0,0.016950374469161034
204,train,204,95.3125,0.07610152661800385
205,train,205,90.625,0.19924843311309814
206,train,206,100.0,0.014825557358562946
207,train,207,95.3125,0.1370871365070343
208,train,208,98.4375,0.056328196078538895
209,train,209,98.4375,0.09301948547363281
210,train,210,98.4375,0.04023421183228493
211,train,211,96.875,0.09550876170396805
212,train,212,96.875,0.057023219764232635
213,train,213,100.0,0.022975631058216095
214,train,214,96.875,0.08156286925077438
215,train,215,96.875,0.2215159386396408
216,train,216,98.4375,0.049072712659835815
217,train,217,96.875,0.0660109892487526
218,train,218,100.0,0.01177206914871931
219,train,219,96.875,0.0675828829407692
220,train,220,96.875,0.07519947737455368
221,train,221,96.875,0.05635678768157959
222,train,222,100.0,0.007101675029844046
223,train,223,98.4375,0.05872771143913269
224,train,224,95.3125,0.09063254296779633
225,train,225,93.75,0.22766825556755066
226,train,226,98.4375,0.029986273497343063
227,train,227,98.4375,0.04644949734210968
228,train,228,98.4375,0.03105425089597702
229,train,229,96.875,0.21941275894641876
230,train,230,100.0,0.023421945050358772
231,train,231,98.4375,0.0217840988188982
232,train,232,95.3125,0.3036242127418518
233,train,233,93.75,0.1729319542646408
234,train,234,96.875,0.12552961707115173
235,train,235,96.875,0.05691424384713173
236,train,236,96.875,0.05339643731713295
237,train,237,95.3125,0.18466149270534515
238,train,238,96.875,0.1278124749660492
239,train,239,100.0,0.008659366518259048
240,train,240,98.4375,0.12362031638622284
241,train,241,95.3125,0.15541785955429077
242,train,242,93.75,0.2579690217971802
243,train,243,95.3125,0.06134957820177078
244,train,244,96.875,0.06436236947774887
245,train,245,98.4375,0.036432377994060516
246,train,246,95.3125,0.09419924765825272
247,train,247,96.875,0.11668993532657623
248,train,248,98.4375,0.07440353184938431
249,train,249,93.75,0.20277366042137146
250,train,250,98.4375,0.07511211186647415
251,train,251,96.875,0.07767205685377121
252,train,252,96.875,0.05040762946009636
253,train,253,98.4375,0.07697688043117523
254,train,254,87.5,0.41053807735443115
255,train,255,98.4375,0.0346553698182106
256,train,256,96.875,0.10734141618013382
257,train,257,96.875,0.042823921889066696
258,train,258,96.875,0.04306795075535774
259,train,259,92.1875,0.24571532011032104
260,train,260,95.3125,0.18122316896915436
261,train,261,96.875,0.21795634925365448
262,train,262,89.0625,0.354116290807724
263,train,263,96.875,0.08634481579065323
264,train,264,98.4375,0.03905121609568596
265,train,265,93.75,0.12579229474067688
266,train,266,98.4375,0.045653365552425385
267,train,267,96.875,0.15222102403640747
268,train,268,95.3125,0.10925618559122086
269,train,269,93.75,0.16805994510650635
270,train,270,92.1875,0.1750311702489853
271,train,271,100.0,0.005504513159394264
272,train,272,98.4375,0.0560983382165432
273,train,273,96.875,0.08638780564069748
274,train,274,100.0,0.026395779103040695
275,train,275,100.0,0.02255561575293541
276,train,276,93.75,0.27260643243789673
277,train,277,100.0,0.03400866687297821
278,train,278,100.0,0.01848224177956581
279,train,279,98.4375,0.08487993478775024
280,train,280,96.875,0.05613579601049423
281,train,281,96.875,0.07836975902318954
282,train,282,100.0,0.02447427250444889
283,train,283,96.875,0.07747795432806015
284,train,284,96.875,0.09384255856275558
285,train,285,93.75,0.195651113986969
286,train,286,98.4375,0.04138016700744629
287,train,287,96.875,0.054197654128074646
288,train,288,96.875,0.0758601650595665
289,train,289,98.4375,0.07595155388116837
290,train,290,96.875,0.043116625398397446
291,train,291,98.4375,0.10637274384498596
292,train,292,100.0,0.02774631418287754
293,train,293,98.4375,0.06883549690246582
294,train,294,96.875,0.1667822003364563
295,train,295,100.0,0.00825461745262146
296,train,296,95.3125,0.09014198184013367
297,train,297,98.4375,0.026011545211076736
298,train,298,93.75,0.1271602362394333
299,train,299,98.4375,0.029599012807011604
300,train,300,98.4375,0.11640232056379318
301,train,301,100.0,0.031110664829611778
302,train,302,100.0,0.01462237536907196
303,train,303,98.4375,0.06151730939745903
304,train,304,93.75,0.18933558464050293
305,train,305,100.0,0.009204170666635036
306,train,306,100.0,0.007126662414520979
307,train,307,100.0,0.014746975153684616
308,train,308,96.875,0.08742837607860565
309,train,309,100.0,0.00654450710862875
310,train,310,100.0,0.019393684342503548
311,train,311,98.4375,0.05052659288048744
312,train,312,100.0,0.00034345488529652357
313,validation,0,98.4375,0.0470278337597847
314,validation,1,100.0,0.002413644688203931
315,validation,2,98.4375,0.02072952128946781
316,validation,3,98.4375,0.03620588779449463
317,validation,4,100.0,0.004039613530039787
318,validation,5,98.4375,0.038691241294145584
319,validation,6,95.3125,0.1552828699350357
320,validation,7,100.0,0.0012197747128084302
321,validation,8,100.0,0.015026912093162537
322,validation,9,100.0,0.0016694596270099282
323,validation,10,100.0,0.005704238545149565
324,validation,11,98.4375,0.044927194714546204
325,validation,12,96.875,0.11102761328220367
326,validation,13,96.875,0.11240008473396301
327,validation,14,100.0,0.005550628062337637
328,validation,15,98.4375,0.043034352362155914
329,validation,16,96.875,0.07953180372714996
330,validation,17,98.4375,0.015397612936794758
331,validation,18,96.875,0.0628945380449295
332,validation,19,98.4375,0.021839719265699387
333,validation,20,100.0,0.003147650044411421
334,validation,21,98.4375,0.0712413415312767
335,validation,22,96.875,0.0623817965388298
336,validation,23,98.4375,0.026712415739893913
337,validation,24,98.4375,0.016180777922272682
338,validation,25,98.4375,0.10499218106269836
339,validation,26,100.0,0.0009367946768179536
340,validation,27,98.4375,0.07398707419633865
341,validation,28,98.4375,0.10514969378709793
342,validation,29,100.0,0.01888268254697323
343,validation,30,100.0,0.005131926387548447
344,validation,31,100.0,0.0073358118534088135
345,validation,32,98.4375,0.030194319784641266
346,validation,33,100.0,0.001189362839795649
347,validation,34,98.4375,0.04063371941447258
348,validation,35,96.875,0.1301996260881424
349,validation,36,100.0,0.024966483935713768
350,validation,37,98.4375,0.07368673384189606
351,validation,38,98.4375,0.055101774632930756
352,validation,39,100.0,0.003581772558391094
353,validation,40,98.4375,0.09974952042102814
354,validation,41,100.0,0.005088753532618284
355,validation,42,100.0,0.011819311417639256
356,validation,43,96.875,0.16208624839782715
357,validation,44,100.0,0.0008320254273712635
358,validation,45,100.0,0.0011575096286833286
359,validation,46,98.4375,0.07492518424987793
360,validation,47,96.875,0.05427490174770355
361,validation,48,98.4375,0.016212161630392075
362,validation,49,96.875,0.08649589121341705
363,validation,50,98.4375,0.036290302872657776
364,validation,51,100.0,0.011337190866470337
365,validation,52,98.4375,0.06332189589738846
366,validation,53,98.4375,0.024395307525992393
367,validation,54,100.0,0.007412496488541365
368,validation,55,100.0,0.0007724909810349345
369,validation,56,98.4375,0.01842140220105648
370,validation,57,98.4375,0.019175026565790176
371,validation,58,100.0,0.001337928930297494
372,validation,59,100.0,0.003309638472273946
373,validation,60,100.0,0.005809989292174578
374,validation,61,100.0,0.011758332140743732
375,validation,62,98.4375,0.08315669745206833
376,validation,63,98.4375,0.03256341442465782
377,validation,64,95.3125,0.07904347777366638
378,validation,65,98.4375,0.01439165510237217
379,validation,66,100.0,0.0062088691629469395
380,validation,67,100.0,0.012266856618225574
381,validation,68,98.4375,0.10618764162063599
382,validation,69,100.0,0.014829101972281933
383,validation,70,100.0,0.004259541630744934
384,validation,71,100.0,0.004904898814857006
385,validation,72,96.875,0.06227930635213852
386,validation,73,100.0,0.0027424588333815336
387,validation,74,98.4375,0.03676537796854973
388,validation,75,96.875,0.05911107361316681
389,validation,76,100.0,0.01481130626052618
390,validation,77,100.0,0.01685875840485096
391,validation,78,100.0,0.007767512928694487
392,validation,79,98.4375,0.057791560888290405
393,validation,80,98.4375,0.02215573936700821
394,validation,81,98.4375,0.02990562655031681
395,validation,82,100.0,0.0011120759882032871
396,validation,83,100.0,0.011871342547237873
397,validation,84,95.3125,0.13306592404842377
398,validation,85,100.0,0.01312591228634119
399,validation,86,98.4375,0.09316574782133102
400,validation,87,98.4375,0.0686025619506836
401,validation,88,100.0,0.016320398077368736
402,validation,89,100.0,0.0014786866959184408
403,validation,90,100.0,0.004530218429863453
404,validation,91,98.4375,0.036908332258462906
405,validation,92,96.875,0.045932166278362274
406,validation,93,100.0,0.01613435335457325
407,train,313,100.0,0.00993103627115488
408,train,314,96.875,0.1526816189289093
409,train,315,98.4375,0.02959868498146534
410,train,316,98.4375,0.04120746627449989
411,train,317,95.3125,0.06228858232498169
412,train,318,95.3125,0.12542715668678284
413,train,319,98.4375,0.05010540783405304
414,train,320,98.4375,0.02830258011817932
415,train,321,98.4375,0.016014717519283295
416,train,322,98.4375,0.05795548856258392
417,train,323,100.0,0.005304261110723019
418,train,324,93.75,0.14590583741664886
419,train,325,100.0,0.002194337546825409
420,train,326,98.4375,0.02786598540842533
421,train,327,96.875,0.032743316143751144
422,train,328,98.4375,0.02306692861020565
423,train,329,98.4375,0.031629111617803574
424,train,330,98.4375,0.1029142439365387
425,train,331,98.4375,0.03547893092036247
426,train,332,98.4375,0.02530897594988346
427,train,333,98.4375,0.11705727130174637
428,train,334,98.4375,0.024368546903133392
429,train,335,98.4375,0.019550954923033714
430,train,336,98.4375,0.01763422042131424
431,train,337,98.4375,0.08456899225711823
432,train,338,100.0,0.019929463043808937
433,train,339,100.0,0.013315469026565552
434,train,340,100.0,0.010805400088429451
435,train,341,98.4375,0.03573516011238098
436,train,342,100.0,0.012674122117459774
437,train,343,98.4375,0.026105910539627075
438,train,344,98.4375,0.01418559905141592
439,train,345,100.0,0.005953489802777767
440,train,346,96.875,0.10926157236099243
441,train,347,100.0,0.0010369744850322604
442,train,348,98.4375,0.018471673130989075
443,train,349,98.4375,0.04272417724132538
444,train,350,100.0,0.002755245426669717
445,train,351,98.4375,0.02571062184870243
446,train,352,100.0,0.0010812971740961075
447,train,353,100.0,0.013182134367525578
448,train,354,100.0,0.010751872323453426
449,train,355,98.4375,0.02106644958257675
450,train,356,100.0,0.01799377053976059
451,train,357,96.875,0.1248985007405281
452,train,358,98.4375,0.1122889593243599
453,train,359,100.0,0.01207754760980606
454,train,360,100.0,0.0019359987927600741
455,train,361,95.3125,0.12999320030212402
456,train,362,98.4375,0.059765398502349854
457,train,363,98.4375,0.060850631445646286
458,train,364,98.4375,0.015235967002809048
459,train,365,98.4375,0.01865602657198906
460,train,366,98.4375,0.03343973681330681
461,train,367,96.875,0.11414613574743271
462,train,368,98.4375,0.03927037492394447
463,train,369,96.875,0.046702850610017776
464,train,370,95.3125,0.18420366942882538
465,train,371,100.0,0.029739204794168472
466,train,372,96.875,0.08788930624723434
467,train,373,100.0,0.014787044376134872
468,train,374,98.4375,0.04004090279340744
469,train,375,96.875,0.1489771157503128
470,train,376,100.0,0.005722879897803068
471,train,377,95.3125,0.09477000683546066
472,train,378,93.75,0.11566843092441559
473,train,379,98.4375,0.026803674176335335
474,train,380,100.0,0.004556585568934679
475,train,381,96.875,0.09547194093465805
476,train,382,100.0,0.00961153395473957
477,train,383,100.0,0.014913276769220829
478,train,384,98.4375,0.04236489534378052
479,train,385,96.875,0.14163628220558167
480,train,386,98.4375,0.10531383752822876
481,train,387,98.4375,0.02041904628276825
482,train,388,96.875,0.09680702537298203
483,train,389,100.0,0.005995357874780893
484,train,390,98.4375,0.04051266238093376
485,train,391,100.0,0.010225951671600342
486,train,392,100.0,0.007839071564376354
487,train,393,93.75,0.24295325577259064
488,train,394,98.4375,0.022693078964948654
489,train,395,96.875,0.03949481248855591
490,train,396,95.3125,0.12784205377101898
491,train,397,98.4375,0.06493236869573593
492,train,398,98.4375,0.042352091521024704
493,train,399,100.0,0.007789074908941984
494,train,400,93.75,0.347109317779541
495,train,401,98.4375,0.03779296204447746
496,train,402,100.0,0.005446779076009989
497,train,403,100.0,0.009437407366931438
498,train,404,96.875,0.04187913239002228
499,train,405,95.3125,0.08398804813623428
500,train,406,98.4375,0.03280456364154816
501,train,407,96.875,0.21790508925914764
502,train,408,92.1875,0.22366423904895782
503,train,409,96.875,0.07999210059642792
504,train,410,96.875,0.05651724338531494
505,train,411,100.0,0.006125280167907476
506,train,412,95.3125,0.09686056524515152
507,train,413,100.0,0.020414022728800774
508,train,414,100.0,0.009763027541339397
509,train,415,93.75,0.1354253739118576
510,train,416,98.4375,0.02515529841184616
511,train,417,100.0,0.01520758867263794
512,train,418,100.0,0.03985593467950821
513,train,419,96.875,0.07028770446777344
514,train,420,100.0,0.0200954582542181
515,train,421,96.875,0.10212678462266922
516,train,422,100.0,0.00407498748973012
517,train,423,100.0,0.011322371661663055
518,train,424,100.0,0.0035322527401149273
519,train,425,98.4375,0.039898037910461426
520,train,426,96.875,0.14903849363327026
521,train,427,98.4375,0.02419837936758995
522,train,428,96.875,0.0582621805369854
523,train,429,98.4375,0.07852131128311157
524,train,430,100.0,0.0020793003495782614
525,train,431,100.0,0.011449985206127167
526,train,432,98.4375,0.05390544235706329
527,train,433,96.875,0.05103309452533722
528,train,434,98.4375,0.027004268020391464
529,train,435,100.0,0.002234510611742735
530,train,436,100.0,0.004739536438137293
531,train,437,98.4375,0.03195885568857193
532,train,438,98.4375,0.0666704997420311
533,train,439,98.4375,0.027364136651158333
534,train,440,95.3125,0.07495639473199844
535,train,441,98.4375,0.04634516313672066
536,train,442,100.0,0.015727270394563675
537,train,443,100.0,0.01219264417886734
538,train,444,98.4375,0.05161724612116814
539,train,445,100.0,0.004825949668884277
540,train,446,96.875,0.07056434452533722
541,train,447,100.0,0.018224196508526802
542,train,448,98.4375,0.02962689846754074
543,train,449,96.875,0.0587489977478981
544,train,450,98.4375,0.02308865450322628
545,train,451,98.4375,0.01777590811252594
546,train,452,98.4375,0.050393540412187576
547,train,453,100.0,0.0034363737795501947
548,train,454,98.4375,0.021867988631129265
549,train,455,100.0,0.010698203928768635
550,train,456,100.0,0.0031844519544392824
551,train,457,100.0,0.009205816313624382
552,train,458,98.4375,0.03763817250728607
553,train,459,98.4375,0.08567804098129272
554,train,460,98.4375,0.06399916112422943
555,train,461,98.4375,0.024866338819265366
556,train,462,100.0,0.003435666672885418
557,train,463,95.3125,0.19134214520454407
558,train,464,96.875,0.14180037379264832
559,train,465,100.0,0.00547742610797286
560,train,466,98.4375,0.03708675876259804
561,train,467,100.0,0.012469589710235596
562,train,468,100.0,0.0159408301115036
563,train,469,98.4375,0.022655945271253586
564,train,470,100.0,0.011113094165921211
565,train,471,90.625,0.14752662181854248
566,train,472,100.0,0.010179921053349972
567,train,473,100.0,0.013865520246326923
568,train,474,98.4375,0.025455275550484657
569,train,475,98.4375,0.052152909338474274
570,train,476,100.0,0.01451187115162611
571,train,477,98.4375,0.02239454910159111
572,train,478,96.875,0.19105017185211182
573,train,479,100.0,0.01868436299264431
574,train,480,98.4375,0.03237341344356537
575,train,481,98.4375,0.13206270337104797
576,train,482,98.4375,0.06210896000266075
577,train,483,100.0,0.002423894125968218
578,train,484,100.0,0.003668898716568947
579,train,485,96.875,0.07126828283071518
580,train,486,98.4375,0.05534343421459198
581,train,487,98.4375,0.036733873188495636
582,train,488,100.0,0.00884232483804226
583,train,489,100.0,0.0015565865905955434
584,train,490,98.4375,0.024535685777664185
585,train,491,100.0,0.012015496380627155
586,train,492,100.0,0.0018174158176407218
587,train,493,100.0,0.010882045142352581
588,train,494,98.4375,0.02388995699584484
589,train,495,98.4375,0.03163028135895729
590,train,496,100.0,0.021349037066102028
591,train,497,98.4375,0.02651270106434822
592,train,498,100.0,0.0019237407250329852
593,train,499,96.875,0.058791544288396835
594,train,500,98.4375,0.03175888955593109
595,train,501,98.4375,0.039075303822755814
596,train,502,100.0,0.0032671233639121056
597,train,503,100.0,0.0018857819959521294
598,train,504,98.4375,0.019243495538830757
599,train,505,100.0,0.0005849596345797181
600,train,506,98.4375,0.05866618826985359
601,train,507,98.4375,0.2156239151954651
602,train,508,96.875,0.08269816637039185
603,train,509,100.0,0.0008348192204721272
604,train,510,100.0,0.017332546412944794
605,train,511,96.875,0.05760914832353592
606,train,512,100.0,0.002135840943083167
607,train,513,100.0,0.005939960479736328
608,train,514,96.875,0.05924636498093605
609,train,515,98.4375,0.05866563692688942
610,train,516,100.0,0.0037895680870860815
611,train,517,100.0,0.005264809355139732
612,train,518,100.0,0.006286518648266792
613,train,519,98.4375,0.03402899578213692
614,train,520,100.0,0.017505323514342308
615,train,521,98.4375,0.026690946891903877
616,train,522,100.0,0.008536460809409618
617,train,523,100.0,0.0008109078626148403
618,train,524,100.0,0.0056031146086752415
619,train,525,98.4375,0.04559260979294777
620,train,526,98.4375,0.03223166987299919
621,train,527,100.0,0.0010053657460957766
622,train,528,100.0,0.007774481549859047
623,train,529,98.4375,0.03764538839459419
624,train,530,100.0,0.001289241947233677
625,train,531,95.3125,0.05497797951102257
626,train,532,98.4375,0.0999884083867073
627,train,533,100.0,0.016593214124441147
628,train,534,98.4375,0.021708883345127106
629,train,535,100.0,0.012157285585999489
630,train,536,100.0,0.011623773723840714
631,train,537,100.0,0.015376238152384758
632,train,538,100.0,0.021318696439266205
633,train,539,100.0,0.0014865805860608816
634,train,540,100.0,0.012205961160361767
635,train,541,100.0,0.015317114070057869
636,train,542,100.0,0.0036899526603519917
637,train,543,96.875,0.129314124584198
638,train,544,95.3125,0.28689101338386536
639,train,545,100.0,0.00885577592998743
640,train,546,95.3125,0.10943520814180374
641,train,547,100.0,0.002234269864857197
642,train,548,100.0,0.0015609536785632372
643,train,549,95.3125,0.10191882401704788
644,train,550,95.3125,0.10841725766658783
645,train,551,98.4375,0.025758974254131317
646,train,552,96.875,0.09844490140676498
647,train,553,95.3125,0.10423971712589264
648,train,554,98.4375,0.05434858053922653
649,train,555,96.875,0.05038534849882126
650,train,556,100.0,0.0018693114398047328
651,train,557,100.0,0.018917839974164963
652,train,558,96.875,0.13786716759204865
653,train,559,100.0,0.0011054567294195294
654,train,560,100.0,0.012326421216130257
655,train,561,100.0,0.008863848634064198
656,train,562,100.0,0.0026676564011722803
657,train,563,100.0,0.02818390727043152
658,train,564,100.0,0.029288943856954575
659,train,565,96.875,0.09288781136274338
660,train,566,100.0,0.015447378158569336
661,train,567,98.4375,0.04682454466819763
662,train,568,98.4375,0.05108638480305672
663,train,569,98.4375,0.021494997665286064
664,train,570,100.0,0.002464249497279525
665,train,571,98.4375,0.07188858091831207
666,train,572,100.0,0.023934895172715187
667,train,573,98.4375,0.06372436881065369
668,train,574,98.4375,0.039221812039613724
669,train,575,100.0,0.0032171113416552544
670,train,576,100.0,0.0018396193627268076
671,train,577,100.0,0.000720480689778924
672,train,578,100.0,0.004781210795044899
673,train,579,100.0,0.012231579050421715
674,train,580,98.4375,0.03315911442041397
675,train,581,98.4375,0.07519584894180298
676,train,582,100.0,0.004995586350560188
677,train,583,100.0,0.002673749579116702
678,train,584,100.0,0.006351808551698923
679,train,585,96.875,0.0546274296939373
680,train,586,100.0,0.0016624073032289743
681,train,587,100.0,0.010205067694187164
682,train,588,98.4375,0.0620054192841053
683,train,589,100.0,0.013433973304927349
684,train,590,100.0,0.030423590913414955
685,train,591,100.0,0.014391053467988968
686,train,592,98.4375,0.01934206299483776
687,train,593,100.0,0.014570405706763268
688,train,594,98.4375,0.026058392599225044
689,train,595,98.4375,0.06907659024000168
690,train,596,96.875,0.058807503432035446
691,train,597,100.0,0.01893778331577778
692,train,598,100.0,0.005728749558329582
693,train,599,100.0,0.005523907020688057
694,train,600,100.0,0.0014024452539160848
695,train,601,98.4375,0.04427143186330795
696,train,602,100.0,0.004708664957433939
697,train,603,98.4375,0.030698079615831375
698,train,604,100.0,0.008379766717553139
699,train,605,100.0,0.0056799487210810184
700,train,606,98.4375,0.03725491836667061
701,train,607,98.4375,0.10556208342313766
702,train,608,100.0,0.0006237908382900059
703,train,609,100.0,0.012937866151332855
704,train,610,95.3125,0.08877353370189667
705,train,611,98.4375,0.06064494326710701
706,train,612,100.0,0.0027604573406279087
707,train,613,100.0,0.01679265685379505
708,train,614,100.0,0.007559721823781729
709,train,615,98.4375,0.039381977170705795
710,train,616,98.4375,0.02744584158062935
711,train,617,100.0,0.005228669382631779
712,train,618,98.4375,0.02893729694187641
713,train,619,98.4375,0.0316692478954792
714,train,620,96.875,0.05581242963671684
715,train,621,100.0,0.003284522332251072
716,train,622,100.0,0.0014484062558040023
717,train,623,96.875,0.05353136733174324
718,train,624,100.0,0.007119458168745041
719,train,625,100.0,0.018976539373397827
720,validation,94,100.0,0.0031270303297787905
721,validation,95,98.4375,0.01751568168401718
722,validation,96,100.0,6.316053622867912e-05
723,validation,97,100.0,0.001801872393116355
724,validation,98,100.0,0.006809107959270477
725,validation,99,100.0,0.0009228540002368391
726,validation,100,100.0,0.006239240523427725
727,validation,101,98.4375,0.11915396898984909
728,validation,102,96.875,0.3243710696697235
729,validation,103,100.0,0.00234997714869678
730,validation,104,100.0,0.009963039308786392
731,validation,105,100.0,0.0004933965974487364
732,validation,106,96.875,0.14017677307128906
733,validation,107,100.0,0.0020983314607292414
734,validation,108,96.875,0.10680114477872849
735,validation,109,98.4375,0.035906460136175156
736,validation,110,100.0,0.0054589505307376385
737,validation,111,100.0,0.0016110001597553492
738,validation,112,98.4375,0.06895384937524796
739,validation,113,100.0,0.00045741896610707045
740,validation,114,100.0,0.002127170329913497
741,validation,115,100.0,0.017263051122426987
742,validation,116,100.0,0.0032288841903209686
743,validation,117,98.4375,0.07344409823417664
744,validation,118,100.0,0.006945831701159477
745,validation,119,100.0,0.0077712866477668285
746,validation,120,100.0,0.010136427357792854
747,validation,121,100.0,0.0016273579094558954
748,validation,122,100.0,0.010333944112062454
749,validation,123,100.0,0.004014238249510527
750,validation,124,98.4375,0.055405065417289734
751,validation,125,98.4375,0.06158745661377907
752,validation,126,100.0,0.004629486706107855
753,validation,127,100.0,0.0005147409974597394
754,validation,128,100.0,0.0006167166284285486
755,validation,129,100.0,0.0007467764080502093
756,validation,130,98.4375,0.01824086159467697
757,validation,131,100.0,0.0018350115278735757
758,validation,132,100.0,0.003141034161671996
759,validation,133,98.4375,0.09149178862571716
760,validation,134,98.4375,0.09960725903511047
761,validation,135,98.4375,0.013134588487446308
762,validation,136,98.4375,0.05178263783454895
763,validation,137,98.4375,0.06273265182971954
764,validation,138,100.0,0.0032088204752653837
765,validation,139,100.0,0.000737786409445107
766,validation,140,100.0,0.0012132794363424182
767,validation,141,98.4375,0.0515260212123394
768,validation,142,98.4375,0.03358028829097748
769,validation,143,96.875,0.06313589215278625
770,validation,144,100.0,0.000607421447057277
771,validation,145,98.4375,0.04776354506611824
772,validation,146,98.4375,0.056548915803432465
773,validation,147,98.4375,0.14557529985904694
774,validation,148,98.4375,0.022325225174427032
775,validation,149,98.4375,0.08854325115680695
776,validation,150,100.0,0.005105975549668074
777,validation,151,98.4375,0.015402400866150856
778,validation,152,100.0,0.0040038530714809895
779,validation,153,100.0,0.0001238960976479575
780,validation,154,98.4375,0.07596608996391296
781,validation,155,100.0,0.0015076276613399386
782,validation,156,100.0,0.0010714515810832381
783,validation,157,100.0,0.004359759856015444
784,validation,158,100.0,0.0026249417569488287
785,validation,159,100.0,0.0008811907027848065
786,validation,160,98.4375,0.07231679558753967
787,validation,161,98.4375,0.11043251305818558
788,validation,162,98.4375,0.04799053072929382
789,validation,163,100.0,0.00041866046376526356
790,validation,164,100.0,0.002652526833117008
791,validation,165,96.875,0.08416600525379181
792,validation,166,98.4375,0.03928558528423309
793,validation,167,100.0,0.001331609790213406
794,validation,168,98.4375,0.048472147434949875
795,validation,169,96.875,0.040810927748680115
796,validation,170,98.4375,0.016996946185827255
797,validation,171,100.0,0.0005060371477156878
798,validation,172,100.0,0.0024264338426291943
799,validation,173,96.875,0.25069159269332886
800,validation,174,98.4375,0.2030988186597824
801,validation,175,98.4375,0.1317238211631775
802,validation,176,96.875,0.12091288715600967
803,validation,177,98.4375,0.12653334438800812
804,validation,178,100.0,0.0002759073977358639
805,validation,179,98.4375,0.017420805990695953
806,validation,180,98.4375,0.020506886765360832
807,validation,181,98.4375,0.039127934724092484
808,validation,182,100.0,0.0001559340162202716
809,validation,183,100.0,0.0011204396141692996
810,validation,184,98.4375,0.027553049847483635
811,validation,185,98.4375,0.03371841460466385
812,validation,186,100.0,0.01099172793328762
813,validation,187,100.0,7.557710341643542e-05
814,train,626,100.0,0.0030917010735720396
815,train,627,100.0,0.005190830212086439
816,train,628,100.0,0.010215952061116695
817,train,629,98.4375,0.030925342813134193
818,train,630,100.0,0.0011178108397871256
819,train,631,100.0,0.015755660831928253
820,train,632,98.4375,0.046426501125097275
821,train,633,100.0,0.004617128521203995
822,train,634,100.0,0.0037334540393203497
823,train,635,98.4375,0.03681523725390434
824,train,636,98.4375,0.01837063767015934
825,train,637,98.4375,0.02819855697453022
826,train,638,100.0,0.00010358461440773681
827,train,639,98.4375,0.033501967787742615
828,train,640,100.0,0.012080788612365723
829,train,641,100.0,0.02543851174414158
830,train,642,98.4375,0.022469179704785347
831,train,643,100.0,0.002492929110303521
832,train,644,98.4375,0.037529319524765015
833,train,645,100.0,0.0023536435328423977
834,train,646,100.0,0.0023414548486471176
835,train,647,95.3125,0.059869568794965744
836,train,648,98.4375,0.03204695135354996
837,train,649,100.0,0.0010040861088782549
838,train,650,100.0,0.0027075689285993576
839,train,651,100.0,0.0011092203203588724
840,train,652,98.4375,0.027456654235720634
841,train,653,96.875,0.03524143621325493
842,train,654,100.0,0.007782317232340574
843,train,655,100.0,0.011424773372709751
844,train,656,100.0,0.006927499547600746
845,train,657,96.875,0.13316203653812408
846,train,658,100.0,0.006730451248586178
847,train,659,98.4375,0.03187504783272743
848,train,660,100.0,0.017166459932923317
849,train,661,98.4375,0.11035654693841934
850,train,662,98.4375,0.023157836869359016
851,train,663,100.0,0.0011072944616898894
852,train,664,100.0,0.0017938552191480994
853,train,665,98.4375,0.014831535518169403
854,train,666,98.4375,0.03946905955672264
855,train,667,96.875,0.04564817249774933
856,train,668,96.875,0.12435256689786911
857,train,669,98.4375,0.07870020717382431
858,train,670,98.4375,0.03717809543013573
859,train,671,96.875,0.08229511976242065
860,train,672,95.3125,0.18812289834022522
861,train,673,100.0,0.004932120908051729
862,train,674,96.875,0.05717669054865837
863,train,675,96.875,0.11335843056440353
864,train,676,95.3125,0.17746801674365997
865,train,677,96.875,0.05505507439374924
866,train,678,96.875,0.10542633384466171
867,train,679,96.875,0.1412203460931778
868,train,680,95.3125,0.0805254578590393
869,train,681,100.0,0.029633615165948868
870,train,682,100.0,0.026593390852212906
871,train,683,98.4375,0.025893010199069977
872,train,684,98.4375,0.019864054396748543
873,train,685,100.0,0.007804925553500652
874,train,686,96.875,0.046831391751766205
875,train,687,100.0,0.003238821402192116
876,train,688,96.875,0.17603719234466553
877,train,689,100.0,0.029161879792809486
878,train,690,100.0,0.00971931591629982
879,train,691,96.875,0.04381546750664711
880,train,692,95.3125,0.20157738029956818
881,train,693,100.0,0.028988122940063477
882,train,694,100.0,0.003356581786647439
883,train,695,96.875,0.13641276955604553
884,train,696,96.875,0.05596892908215523
885,train,697,100.0,0.004932120908051729
886,train,698,98.4375,0.02330346778035164
887,train,699,98.4375,0.041281986981630325
888,train,700,100.0,0.00522975716739893
889,train,701,98.4375,0.03848147764801979
890,train,702,96.875,0.1892096847295761
891,train,703,100.0,0.02500617504119873
892,train,704,100.0,0.013788961805403233
893,train,705,96.875,0.06837726384401321
894,train,706,96.875,0.05331401899456978
895,train,707,96.875,0.05918879061937332
896,train,708,96.875,0.055649805814027786
897,train,709,100.0,0.0072637638077139854
898,train,710,100.0,0.0026921990793198347
899,train,711,100.0,0.013904187828302383
900,train,712,96.875,0.03857304900884628
901,train,713,100.0,0.0008143535815179348
902,train,714,98.4375,0.05550481379032135
903,train,715,100.0,0.004206092096865177
904,train,716,98.4375,0.01648431457579136
905,train,717,100.0,0.0054295421577990055
906,train,718,95.3125,0.13809488713741302
907,train,719,100.0,0.009466314688324928
908,train,720,100.0,0.0014741676859557629
909,train,721,100.0,0.013309413567185402
910,train,722,100.0,0.002399464836344123
911,train,723,98.4375,0.025192147120833397
912,train,724,98.4375,0.03987735137343407
913,train,725,98.4375,0.04748208075761795
914,train,726,96.875,0.12479200959205627
915,train,727,98.4375,0.22012360394001007
916,train,728,98.4375,0.03621641919016838
917,train,729,96.875,0.06601818650960922
918,train,730,100.0,0.0029337273444980383
919,train,731,96.875,0.04889727011322975
920,train,732,96.875,0.05987120419740677
921,train,733,96.875,0.14468957483768463
922,train,734,100.0,0.0019885883666574955
923,train,735,98.4375,0.04475119709968567
924,train,736,100.0,0.021543627604842186
925,train,737,98.4375,0.06888167560100555
926,train,738,98.4375,0.048274800181388855
927,train,739,98.4375,0.04588181897997856
928,train,740,98.4375,0.019518448039889336
929,train,741,100.0,0.0072598084807395935
930,train,742,98.4375,0.036451879888772964
931,train,743,93.75,0.16258707642555237
932,train,744,96.875,0.08666648715734482
933,train,745,100.0,0.001842278172262013
934,train,746,100.0,0.008921483531594276
935,train,747,98.4375,0.09323181957006454
936,train,748,96.875,0.21327832341194153
937,train,749,96.875,0.04227378964424133
938,train,750,98.4375,0.025373218581080437
939,train,751,92.1875,0.1534716635942459
940,train,752,96.875,0.08408373594284058
941,train,753,98.4375,0.0336022824048996
942,train,754,95.3125,0.06990856677293777
943,train,755,100.0,0.0076109739020466805
944,train,756,98.4375,0.060272641479969025
945,train,757,100.0,0.014090281911194324
946,train,758,98.4375,0.031187819316983223
947,train,759,98.4375,0.020297951996326447
948,train,760,98.4375,0.031149985268712044
949,train,761,98.4375,0.07569408416748047
950,train,762,100.0,0.013599919155240059
951,train,763,98.4375,0.024938656017184258
952,train,764,98.4375,0.046161673963069916
953,train,765,98.4375,0.025387538596987724
954,train,766,100.0,0.012526587583124638
955,train,767,98.4375,0.019131753593683243
956,train,768,98.4375,0.060881637036800385
957,train,769,98.4375,0.02445203997194767
958,train,770,98.4375,0.02031969279050827
959,train,771,98.4375,0.04360845312476158
960,train,772,100.0,0.007650004234164953
961,train,773,100.0,0.002935972763225436
962,train,774,100.0,0.007296453230082989
963,train,775,98.4375,0.028064720332622528
964,train,776,98.4375,0.03327271714806557
965,train,777,98.4375,0.07660437375307083
966,train,778,98.4375,0.02546844072639942
967,train,779,100.0,0.010232203640043736
968,train,780,100.0,0.005557266995310783
969,train,781,100.0,0.012365322560071945
970,train,782,96.875,0.03738003596663475
971,train,783,100.0,0.00200484087690711
972,train,784,100.0,0.005202608183026314
973,train,785,100.0,0.014525211416184902
974,train,786,98.4375,0.02772035077214241
975,train,787,98.4375,0.021626466885209084
976,train,788,100.0,0.0007324132602661848
977,train,789,98.4375,0.045802854001522064
978,train,790,100.0,0.005737522151321173
979,train,791,100.0,0.021205365657806396
980,train,792,100.0,0.009366675280034542
981,train,793,100.0,0.014615808613598347
982,train,794,98.4375,0.055343348532915115
983,train,795,98.4375,0.10409722477197647
984,train,796,98.4375,0.029890241101384163
985,train,797,98.4375,0.0425727553665638
986,train,798,100.0,0.0137267941609025
987,train,799,100.0,0.010849470272660255
988,train,800,98.4375,0.028043223544955254
989,train,801,100.0,0.0004142217803746462
990,train,802,100.0,0.0008625697228126228
991,train,803,100.0,0.008740399032831192
992,train,804,100.0,0.010361719876527786
993,train,805,98.4375,0.030237453058362007
994,train,806,98.4375,0.013777270913124084
995,train,807,100.0,0.019528789445757866
996,train,808,98.4375,0.11513286828994751
997,train,809,98.4375,0.07463984191417694
998,train,810,95.3125,0.08459749072790146
999,train,811,98.4375,0.051174648106098175
1000,train,812,98.4375,0.054028578102588654
1001,train,813,100.0,0.0050424267537891865
1002,train,814,100.0,0.006438140757381916
1003,train,815,98.4375,0.08768533915281296
1004,train,816,98.4375,0.05629577115178108
1005,train,817,98.4375,0.07073359936475754
1006,train,818,98.4375,0.023903580382466316
1007,train,819,100.0,0.01609661430120468
1008,train,820,100.0,0.0007239368860609829
1009,train,821,98.4375,0.02681562304496765
1010,train,822,98.4375,0.03399885818362236
1011,train,823,98.4375,0.06402813643217087
1012,train,824,98.4375,0.021032875403761864
1013,train,825,100.0,0.008259503170847893
1014,train,826,98.4375,0.04278915002942085
1015,train,827,98.4375,0.03660254925489426
1016,train,828,98.4375,0.03045208938419819
1017,train,829,100.0,0.0034701931290328503
1018,train,830,100.0,0.0024060355499386787
1019,train,831,98.4375,0.04037012159824371
1020,train,832,100.0,0.012901592999696732
1021,train,833,100.0,0.002914900192990899
1022,train,834,98.4375,0.08698514103889465
1023,train,835,96.875,0.11455034464597702
1024,train,836,100.0,0.014785402454435825
1025,train,837,100.0,0.0033746431581676006
1026,train,838,98.4375,0.04855271056294441
1027,train,839,96.875,0.04267515987157822
1028,train,840,98.4375,0.01963147148489952
1029,train,841,98.4375,0.03415863960981369
1030,train,842,96.875,0.07919427752494812
1031,train,843,100.0,0.0015568695962429047
1032,train,844,100.0,0.009356867522001266
1033,train,845,98.4375,0.09726139903068542
1034,train,846,96.875,0.06493448466062546
1035,train,847,98.4375,0.022006448358297348
1036,train,848,100.0,0.00529772462323308
1037,train,849,98.4375,0.0386446975171566
1038,train,850,98.4375,0.023556619882583618
1039,train,851,96.875,0.043396059423685074
1040,train,852,98.4375,0.03819580003619194
1041,train,853,96.875,0.12070157378911972
1042,train,854,92.1875,0.1453963667154312
1043,train,855,96.875,0.06570278108119965
1044,train,856,95.3125,0.18939027190208435
1045,train,857,96.875,0.11752740293741226
1046,train,858,96.875,0.10013297200202942
1047,train,859,98.4375,0.06409850716590881
1048,train,860,98.4375,0.07857803255319595
1049,train,861,98.4375,0.024489186704158783
1050,train,862,100.0,0.011387711390852928
1051,train,863,100.0,0.0013957371702417731
1052,train,864,100.0,0.011072836816310883
1053,train,865,96.875,0.12603269517421722
1054,train,866,98.4375,0.024112744256854057
1055,train,867,96.875,0.03884005546569824
1056,train,868,93.75,0.08496654778718948
1057,train,869,95.3125,0.08152847737073898
1058,train,870,100.0,0.0010610579047352076
1059,train,871,100.0,0.01951954886317253
1060,train,872,100.0,0.010486077517271042
1061,train,873,100.0,0.003919596783816814
1062,train,874,100.0,0.00537494383752346
1063,train,875,98.4375,0.033061347901821136
1064,train,876,95.3125,0.08473755419254303
1065,train,877,96.875,0.06394270807504654
1066,train,878,96.875,0.16772320866584778
1067,train,879,100.0,0.009758366271853447
1068,train,880,98.4375,0.012369905598461628
1069,train,881,98.4375,0.033226724714040756
1070,train,882,98.4375,0.03581932559609413
1071,train,883,98.4375,0.03131651505827904
1072,train,884,100.0,0.004720964003354311
1073,train,885,100.0,0.0033104182220995426
1074,train,886,100.0,0.0036309908609837294
1075,train,887,98.4375,0.06412950158119202
1076,train,888,98.4375,0.030428266152739525
1077,train,889,98.4375,0.0725235566496849
1078,train,890,96.875,0.18507319688796997
1079,train,891,100.0,0.013036612421274185
1080,train,892,100.0,0.01830453611910343
1081,train,893,100.0,0.0023518467787653208
1082,train,894,100.0,0.005556745920330286
1083,train,895,100.0,0.00278844335116446
1084,train,896,98.4375,0.029514744877815247
1085,train,897,100.0,0.016035422682762146
1086,train,898,98.4375,0.035522304475307465
1087,train,899,100.0,0.004201353527605534
1088,train,900,98.4375,0.09412283450365067
1089,train,901,98.4375,0.09949444234371185
1090,train,902,98.4375,0.034506771713495255
1091,train,903,93.75,0.2191636711359024
1092,train,904,100.0,0.001114609302021563
1093,train,905,98.4375,0.019408080726861954
1094,train,906,96.875,0.05999385192990303
1095,train,907,96.875,0.13861915469169617
1096,train,908,98.4375,0.07609143108129501
1097,train,909,98.4375,0.02735086902976036
1098,train,910,100.0,0.002903928281739354
1099,train,911,95.3125,0.15275874733924866
1100,train,912,100.0,0.004855075851082802
1101,train,913,98.4375,0.07691452652215958
1102,train,914,98.4375,0.0480722151696682
1103,train,915,100.0,0.0016188041772693396
1104,train,916,98.4375,0.024390731006860733
1105,train,917,100.0,0.036265116184949875
1106,train,918,98.4375,0.06738325208425522
1107,train,919,100.0,0.009756925515830517
1108,train,920,98.4375,0.13670934736728668
1109,train,921,96.875,0.0871402770280838
1110,train,922,98.4375,0.023054465651512146
1111,train,923,98.4375,0.02752772532403469
1112,train,924,100.0,0.014287637546658516
1113,train,925,98.4375,0.04456927999854088
1114,train,926,98.4375,0.025529446080327034
1115,train,927,98.4375,0.027321409434080124
1116,train,928,100.0,0.04368886351585388
1117,train,929,96.875,0.10505599528551102
1118,train,930,98.4375,0.022682251408696175
1119,train,931,98.4375,0.16875134408473969
1120,train,932,98.4375,0.028859999030828476
1121,train,933,96.875,0.04137616977095604
1122,train,934,96.875,0.05171991139650345
1123,train,935,100.0,0.02205263264477253
1124,train,936,98.4375,0.13900190591812134
1125,train,937,100.0,0.008122492581605911
1126,train,938,100.0,0.009538714773952961
1127,validation,188,96.875,0.06297457963228226
1128,validation,189,100.0,0.008269481360912323
1129,validation,190,100.0,0.009797602891921997
1130,validation,191,98.4375,0.08897670358419418
1131,validation,192,96.875,0.03641309216618538
1132,validation,193,98.4375,0.023152228444814682
1133,validation,194,95.3125,0.06050087511539459
1134,validation,195,96.875,0.10503311455249786
1135,validation,196,96.875,0.16561485826969147
1136,validation,197,93.75,0.14609234035015106
1137,validation,198,100.0,0.026400115340948105
1138,validation,199,98.4375,0.023793602362275124
1139,validation,200,100.0,0.027089376002550125
1140,validation,201,100.0,0.011339256539940834
1141,validation,202,96.875,0.14064748585224152
1142,validation,203,98.4375,0.020930903032422066
1143,validation,204,100.0,0.03445631265640259
1144,validation,205,100.0,0.026127371937036514
1145,validation,206,93.75,0.11309703439474106
1146,validation,207,96.875,0.10519441217184067
1147,validation,208,96.875,0.07248761504888535
1148,validation,209,95.3125,0.2993529736995697
1149,validation,210,95.3125,0.16861608624458313
1150,validation,211,98.4375,0.03528695926070213
1151,validation,212,98.4375,0.02603398822247982
1152,validation,213,95.3125,0.08964145928621292
1153,validation,214,98.4375,0.040295351296663284
1154,validation,215,100.0,0.008647093549370766
1155,validation,216,100.0,0.025285668671131134
1156,validation,217,95.3125,0.08889111876487732
1157,validation,218,98.4375,0.05970323458313942
1158,validation,219,95.3125,0.12929178774356842
1159,validation,220,92.1875,0.27587372064590454
1160,validation,221,96.875,0.1078137457370758
1161,validation,222,100.0,0.016753749921917915
1162,validation,223,98.4375,0.05181143805384636
1163,validation,224,98.4375,0.08398544043302536
1164,validation,225,100.0,0.012494741939008236
1165,validation,226,93.75,0.15214328467845917
1166,validation,227,100.0,0.011497351340949535
1167,validation,228,96.875,0.1411445438861847
1168,validation,229,98.4375,0.04761004075407982
1169,validation,230,98.4375,0.10823115706443787
1170,validation,231,100.0,0.01690782979130745
1171,validation,232,98.4375,0.03481004387140274
1172,validation,233,98.4375,0.09224987775087357
1173,validation,234,96.875,0.14345817267894745
1174,validation,235,98.4375,0.1091846153140068
1175,validation,236,96.875,0.1169322058558464
1176,validation,237,95.3125,0.10584308952093124
1177,validation,238,95.3125,0.15527990460395813
1178,validation,239,98.4375,0.08827728778123856
1179,validation,240,100.0,0.03624865412712097
1180,validation,241,98.4375,0.04668299853801727
1181,validation,242,100.0,0.026632847264409065
1182,validation,243,98.4375,0.041799042373895645
1183,validation,244,100.0,0.014959589578211308
1184,validation,245,100.0,0.016672568395733833
1185,validation,246,98.4375,0.07642029970884323
1186,validation,247,100.0,0.007996125146746635
1187,validation,248,100.0,0.009310518391430378
1188,validation,249,98.4375,0.12552402913570404
1189,validation,250,93.75,0.16980770230293274
1190,validation,251,96.875,0.06948521733283997
1191,validation,252,98.4375,0.035756878554821014
1192,validation,253,100.0,0.010481053031980991
1193,validation,254,96.875,0.1166568174958229
1194,validation,255,100.0,0.012691040523350239
1195,validation,256,98.4375,0.03815462440252304
1196,validation,257,95.3125,0.17352762818336487
1197,validation,258,100.0,0.013981187716126442
1198,validation,259,96.875,0.04806864261627197
1199,validation,260,100.0,0.015460447408258915
1200,validation,261,96.875,0.0859324261546135
1201,validation,262,98.4375,0.04458014667034149
1202,validation,263,96.875,0.13542231917381287
1203,validation,264,98.4375,0.07885097712278366
1204,validation,265,98.4375,0.04111507907509804
1205,validation,266,95.3125,0.09913718700408936
1206,validation,267,95.3125,0.07497114688158035
1207,validation,268,96.875,0.08537600189447403
1208,validation,269,98.4375,0.05513129383325577
1209,validation,270,96.875,0.11058155447244644
1210,validation,271,98.4375,0.051159899681806564
1211,validation,272,96.875,0.08307000249624252
1212,validation,273,98.4375,0.03819454088807106
1213,validation,274,90.625,0.2050788253545761
1214,validation,275,100.0,0.00751328282058239
1215,validation,276,96.875,0.052327513694763184
1216,validation,277,98.4375,0.029888102784752846
1217,validation,278,95.3125,0.2515701651573181
1218,validation,279,96.875,0.046309396624565125
1219,validation,280,98.4375,0.06591418385505676
1220,validation,281,100.0,0.021445034071803093
1221,train,939,98.4375,0.11393001675605774
1222,train,940,98.4375,0.03764965385198593
1223,train,941,100.0,0.008771216496825218
1224,train,942,98.4375,0.03006589412689209
1225,train,943,100.0,0.0010350992670282722
1226,train,944,100.0,0.007490162737667561
1227,train,945,96.875,0.08271512389183044
1228,train,946,100.0,0.013556264340877533
1229,train,947,98.4375,0.024991121143102646
1230,train,948,100.0,0.008096275851130486
1231,train,949,100.0,0.011906810104846954
1232,train,950,100.0,0.007104467134922743
1233,train,951,100.0,0.010708088055253029
1234,train,952,100.0,0.0077617112547159195
1235,train,953,98.4375,0.04075617343187332
1236,train,954,96.875,0.11637244373559952
1237,train,955,100.0,0.004508081823587418
1238,train,956,100.0,0.0036319787614047527
1239,train,957,100.0,0.013805707916617393
1240,train,958,100.0,0.005694080609828234
1241,train,959,98.4375,0.05042030289769173
1242,train,960,98.4375,0.015423829667270184
1243,train,961,100.0,0.012092235498130322
1244,train,962,98.4375,0.023033611476421356
1245,train,963,98.4375,0.02633531577885151
1246,train,964,100.0,0.0012135651195421815
1247,train,965,100.0,0.002234607469290495
1248,train,966,96.875,0.07199462503194809
1249,train,967,100.0,0.003053173888474703
1250,train,968,98.4375,0.021719327196478844
1251,train,969,98.4375,0.02582750841975212
1252,train,970,100.0,0.013888577930629253
1253,train,971,98.4375,0.07551062852144241
1254,train,972,96.875,0.12496345490217209
1255,train,973,100.0,0.010706967674195766
1256,train,974,100.0,0.00967362243682146
1257,train,975,98.4375,0.07372681796550751
1258,train,976,98.4375,0.01673022098839283
1259,train,977,98.4375,0.06875081360340118
1260,train,978,100.0,0.0033786625135689974
1261,train,979,96.875,0.050195880234241486
1262,train,980,95.3125,0.1082817018032074
1263,train,981,100.0,0.001567319966852665
1264,train,982,100.0,0.004126676358282566
1265,train,983,100.0,0.00841232668608427
1266,train,984,98.4375,0.03971806913614273
1267,train,985,100.0,0.003975114785134792
1268,train,986,98.4375,0.021966660395264626
1269,train,987,100.0,0.011493373662233353
1270,train,988,100.0,0.004730213899165392
1271,train,989,98.4375,0.017452001571655273
1272,train,990,100.0,0.0023809459526091814
1273,train,991,100.0,0.0030301003716886044
1274,train,992,100.0,0.00943022407591343
1275,train,993,100.0,0.004400709643959999
1276,train,994,98.4375,0.03885472193360329
1277,train,995,95.3125,0.16975536942481995
1278,train,996,98.4375,0.030642960220575333
1279,train,997,100.0,0.007834862917661667
1280,train,998,98.4375,0.04382568970322609
1281,train,999,100.0,0.01273153256624937
1282,train,1000,98.4375,0.031191766262054443
1283,train,1001,93.75,0.46668359637260437
1284,train,1002,96.875,0.0635465607047081
1285,train,1003,98.4375,0.014326169155538082
1286,train,1004,100.0,0.006418908946216106
1287,train,1005,96.875,0.0496814101934433
1288,train,1006,100.0,0.017857657745480537
1289,train,1007,100.0,0.010592145845293999
1290,train,1008,96.875,0.05387406796216965
1291,train,1009,98.4375,0.030445270240306854
1292,train,1010,98.4375,0.09850497543811798
1293,train,1011,98.4375,0.04995975270867348
1294,train,1012,100.0,0.014425599947571754
1295,train,1013,100.0,0.004379952792078257
1296,train,1014,98.4375,0.037205059081315994
1297,train,1015,100.0,0.006062258966267109
1298,train,1016,96.875,0.03714100643992424
1299,train,1017,96.875,0.10823927074670792
1300,train,1018,98.4375,0.05985262244939804
1301,train,1019,100.0,0.013204706832766533
1302,train,1020,95.3125,0.1247931718826294
1303,train,1021,96.875,0.06411129981279373
1304,train,1022,98.4375,0.03404482454061508
1305,train,1023,96.875,0.04440171271562576
1306,train,1024,95.3125,0.14833562076091766
1307,train,1025,98.4375,0.03958294168114662
1308,train,1026,96.875,0.050166357308626175
1309,train,1027,98.4375,0.05621853098273277
1310,train,1028,100.0,0.00889969989657402
1311,train,1029,96.875,0.07276986539363861
1312,train,1030,98.4375,0.014010090380907059
1313,train,1031,98.4375,0.05944656953215599
1314,train,1032,100.0,0.007242211606353521
1315,train,1033,98.4375,0.054099880158901215
1316,train,1034,98.4375,0.04095916822552681
1317,train,1035,95.3125,0.14942529797554016
1318,train,1036,100.0,0.0022876050788909197
1319,train,1037,100.0,0.0016282903961837292
1320,train,1038,96.875,0.18949250876903534
1321,train,1039,93.75,0.21499480307102203
1322,train,1040,98.4375,0.1107608750462532
1323,train,1041,98.4375,0.026919249445199966
1324,train,1042,98.4375,0.02926024980843067
1325,train,1043,96.875,0.10268008708953857
1326,train,1044,96.875,0.04887152463197708
1327,train,1045,96.875,0.09360017627477646
1328,train,1046,96.875,0.07028406113386154
1329,train,1047,96.875,0.11363130807876587
1330,train,1048,98.4375,0.049811672419309616
1331,train,1049,95.3125,0.13730624318122864
1332,train,1050,98.4375,0.07143772393465042
1333,train,1051,96.875,0.0966915488243103
1334,train,1052,98.4375,0.02028067409992218
1335,train,1053,100.0,0.021463189274072647
1336,train,1054,93.75,0.4443923234939575
1337,train,1055,100.0,0.007544803898781538
1338,train,1056,95.3125,0.11445067077875137
1339,train,1057,98.4375,0.03237941116094589
1340,train,1058,98.4375,0.03889090195298195
1341,train,1059,95.3125,0.16361863911151886
1342,train,1060,96.875,0.06053254008293152
1343,train,1061,100.0,0.009612330235540867
1344,train,1062,98.4375,0.043613631278276443
1345,train,1063,98.4375,0.03359008580446243
1346,train,1064,98.4375,0.06728293001651764
1347,train,1065,98.4375,0.06790134310722351
1348,train,1066,98.4375,0.08354944735765457
1349,train,1067,100.0,0.00657684588804841
1350,train,1068,100.0,0.02267608791589737
1351,train,1069,100.0,0.017810991033911705
1352,train,1070,98.4375,0.04949961230158806
1353,train,1071,100.0,0.001577958115376532
1354,train,1072,96.875,0.08546347916126251
1355,train,1073,98.4375,0.04149235039949417
1356,train,1074,100.0,0.0044585647992789745
1357,train,1075,98.4375,0.04035989195108414
1358,train,1076,100.0,0.002360834740102291
1359,train,1077,98.4375,0.018220284953713417
1360,train,1078,100.0,0.004118972923606634
1361,train,1079,96.875,0.049968115985393524
1362,train,1080,100.0,0.004442259669303894
1363,train,1081,98.4375,0.09261026233434677
1364,train,1082,100.0,0.013820452615618706
1365,train,1083,98.4375,0.028810380026698112
1366,train,1084,100.0,0.009490727446973324
1367,train,1085,100.0,0.006666018161922693
1368,train,1086,100.0,0.004999542608857155
1369,train,1087,98.4375,0.04756513237953186
1370,train,1088,100.0,0.0040685636922717094
1371,train,1089,100.0,0.003515025367960334
1372,train,1090,96.875,0.07091405242681503
1373,train,1091,100.0,0.00248866924084723
1374,train,1092,98.4375,0.03907446935772896
1375,train,1093,100.0,0.012796297669410706
1376,train,1094,100.0,0.011956661008298397
1377,train,1095,98.4375,0.0941484197974205
1378,train,1096,100.0,0.00604458712041378
1379,train,1097,100.0,0.006694645155221224
1380,train,1098,100.0,0.0071172756142914295
1381,train,1099,100.0,0.003581579076126218
1382,train,1100,98.4375,0.04287739843130112
1383,train,1101,100.0,0.010867999866604805
1384,train,1102,98.4375,0.06371267884969711
1385,train,1103,98.4375,0.024039069190621376
1386,train,1104,98.4375,0.08162105828523636
1387,train,1105,100.0,0.021126288920640945
1388,train,1106,100.0,0.0011334195733070374
1389,train,1107,98.4375,0.048991087824106216
1390,train,1108,98.4375,0.01815965585410595
1391,train,1109,100.0,0.00346368202008307
1392,train,1110,96.875,0.17138303816318512
1393,train,1111,100.0,0.0075891404412686825
1394,train,1112,100.0,0.0029077562503516674
1395,train,1113,98.4375,0.04527489095926285
1396,train,1114,98.4375,0.024286381900310516
1397,train,1115,96.875,0.2227151244878769
1398,train,1116,100.0,0.0018866860773414373
1399,train,1117,98.4375,0.04321291670203209
1400,train,1118,100.0,0.024712365120649338
1401,train,1119,96.875,0.14717480540275574
1402,train,1120,96.875,0.07046735286712646
1403,train,1121,100.0,0.012011626735329628
1404,train,1122,98.4375,0.021053558215498924
1405,train,1123,98.4375,0.04639783129096031
1406,train,1124,100.0,0.008930734358727932
1407,train,1125,100.0,0.00885098148137331
1408,train,1126,96.875,0.08420101553201675
1409,train,1127,100.0,0.011431491002440453
1410,train,1128,100.0,0.005981823895126581
1411,train,1129,100.0,0.00689405994489789
1412,train,1130,100.0,0.0019832251127809286
1413,train,1131,100.0,0.00784875825047493
1414,train,1132,100.0,0.0061314767226576805
1415,train,1133,98.4375,0.034258585423231125
1416,train,1134,98.4375,0.04386953264474869
1417,train,1135,98.4375,0.03882521390914917
1418,train,1136,100.0,0.005932437721639872
1419,train,1137,98.4375,0.05994861200451851
1420,train,1138,100.0,0.0020906832069158554
1421,train,1139,98.4375,0.029562508687376976
1422,train,1140,100.0,0.003398655215278268
1423,train,1141,100.0,0.015621598809957504
1424,train,1142,100.0,0.010677272453904152
1425,train,1143,100.0,0.001710291369818151
1426,train,1144,98.4375,0.05524032935500145
1427,train,1145,100.0,0.0020892738830298185
1428,train,1146,100.0,0.006812294479459524
1429,train,1147,100.0,0.03265077620744705
1430,train,1148,100.0,0.0005838811048306525
1431,train,1149,96.875,0.09952118992805481
1432,train,1150,95.3125,0.06433914601802826
1433,train,1151,98.4375,0.04913884773850441
1434,train,1152,98.4375,0.027290653437376022
1435,train,1153,100.0,0.0021871740464121103
1436,train,1154,100.0,0.0006387163302861154
1437,train,1155,100.0,0.0077218180522322655
1438,train,1156,100.0,0.012875518761575222
1439,train,1157,98.4375,0.0130015192553401
1440,train,1158,98.4375,0.03480042144656181
1441,train,1159,98.4375,0.02490728162229061
1442,train,1160,100.0,0.0005885610589757562
1443,train,1161,100.0,0.01178061868995428
1444,train,1162,100.0,0.009773590601980686
1445,train,1163,100.0,0.0036133630201220512
1446,train,1164,100.0,0.0008478721138089895
1447,train,1165,100.0,0.010421854443848133
1448,train,1166,98.4375,0.031879860907793045
1449,train,1167,100.0,0.0037708941381424665
1450,train,1168,96.875,0.08315987884998322
1451,train,1169,98.4375,0.02228967659175396
1452,train,1170,96.875,0.11547038704156876
1453,train,1171,100.0,0.0017082580598071218
1454,train,1172,100.0,0.007399751339107752
1455,train,1173,100.0,0.005202822387218475
1456,train,1174,98.4375,0.037313126027584076
1457,train,1175,98.4375,0.028735173866152763
1458,train,1176,98.4375,0.05319048836827278
1459,train,1177,100.0,0.015214089304208755
1460,train,1178,100.0,0.0158215519040823
1461,train,1179,100.0,0.007090093567967415
1462,train,1180,98.4375,0.04165128618478775
1463,train,1181,98.4375,0.06828341633081436
1464,train,1182,100.0,0.003958265762776136
1465,train,1183,100.0,0.0018511164234951138
1466,train,1184,98.4375,0.16275028884410858
1467,train,1185,100.0,0.002601808402687311
1468,train,1186,96.875,0.11475978046655655
1469,train,1187,100.0,0.004736494738608599
1470,train,1188,98.4375,0.029280243441462517
1471,train,1189,96.875,0.033962853252887726
1472,train,1190,100.0,0.008284119889140129
1473,train,1191,96.875,0.10657870024442673
1474,train,1192,95.3125,0.1690889298915863
1475,train,1193,100.0,0.0013907820684835315
1476,train,1194,98.4375,0.07014594972133636
1477,train,1195,100.0,0.02170902118086815
1478,train,1196,100.0,0.01811143197119236
1479,train,1197,98.4375,0.03349733352661133
1480,train,1198,100.0,0.0029718633741140366
1481,train,1199,100.0,0.001796020078472793
1482,train,1200,96.875,0.09001096338033676
1483,train,1201,98.4375,0.028377417474985123
1484,train,1202,98.4375,0.02067873813211918
1485,train,1203,98.4375,0.12689346075057983
1486,train,1204,96.875,0.10456532984972
1487,train,1205,98.4375,0.06383085250854492
1488,train,1206,100.0,0.007096083834767342
1489,train,1207,98.4375,0.03817871958017349
1490,train,1208,98.4375,0.0266152024269104
1491,train,1209,98.4375,0.12760382890701294
1492,train,1210,98.4375,0.09474681317806244
1493,train,1211,96.875,0.07043904066085815
1494,train,1212,98.4375,0.11802046000957489
1495,train,1213,100.0,0.005661931354552507
1496,train,1214,96.875,0.09262051433324814
1497,train,1215,98.4375,0.0936063826084137
1498,train,1216,98.4375,0.05061569809913635
1499,train,1217,96.875,0.14544972777366638
1500,train,1218,100.0,0.0024490985088050365
1501,train,1219,100.0,0.018368534743785858
1502,train,1220,98.4375,0.020037652924656868
1503,train,1221,98.4375,0.022135067731142044
1504,train,1222,98.4375,0.03467357158660889
1505,train,1223,98.4375,0.06027909368276596
1506,train,1224,98.4375,0.051303643733263016
1507,train,1225,100.0,0.011092406697571278
1508,train,1226,96.875,0.05928497016429901
1509,train,1227,98.4375,0.10800555348396301
1510,train,1228,100.0,0.004728475119918585
1511,train,1229,100.0,0.0024633645080029964
1512,train,1230,100.0,0.004415417090058327
1513,train,1231,100.0,0.006007033865898848
1514,train,1232,98.4375,0.029406094923615456
1515,train,1233,95.3125,0.15406197309494019
1516,train,1234,95.3125,0.06190107762813568
1517,train,1235,98.4375,0.03324147313833237
1518,train,1236,100.0,0.00563278142362833
1519,train,1237,100.0,0.010959623381495476
1520,train,1238,100.0,0.0036871246993541718
1521,train,1239,100.0,0.004722061101347208
1522,train,1240,98.4375,0.03126665577292442
1523,train,1241,98.4375,0.0252743661403656
1524,train,1242,96.875,0.07454319298267365
1525,train,1243,100.0,0.0052018254064023495
1526,train,1244,98.4375,0.034432947635650635
1527,train,1245,98.4375,0.013521156273782253
1528,train,1246,100.0,0.0015807767631486058
1529,train,1247,98.4375,0.1275986135005951
1530,train,1248,95.3125,0.0969853475689888
1531,train,1249,100.0,0.010428342968225479
1532,train,1250,100.0,0.011784907430410385
1533,train,1251,100.0,0.032032560557127
1534,validation,282,100.0,0.007435946725308895
1535,validation,283,100.0,0.0005659513408318162
1536,validation,284,100.0,0.00043034960981458426
1537,validation,285,98.4375,0.0873958095908165
1538,validation,286,100.0,0.0019841317553073168
1539,validation,287,100.0,0.0005640403833240271
1540,validation,288,100.0,0.0005825994303449988
1541,validation,289,100.0,0.0005140633438713849
1542,validation,290,100.0,0.0023296375293284655
1543,validation,291,100.0,0.00024578309967182577
1544,validation,292,100.0,0.0030180662870407104
1545,validation,293,100.0,0.0031166186090558767
1546,validation,294,100.0,0.0016311999643221498
1547,validation,295,98.4375,0.049476295709609985
1548,validation,296,100.0,0.00013283318548928946
1549,validation,297,100.0,0.00360497715882957
1550,validation,298,100.0,0.0012859355192631483
1551,validation,299,100.0,0.0008087259484454989
1552,validation,300,100.0,0.000963424623478204
1553,validation,301,98.4375,0.028435591608285904
1554,validation,302,100.0,0.0015986012294888496
1555,validation,303,100.0,0.0016376993153244257
1556,validation,304,100.0,0.004901716485619545
1557,validation,305,100.0,0.0013810911914333701
1558,validation,306,100.0,0.0002683821367099881
1559,validation,307,100.0,0.0004921920481137931
1560,validation,308,100.0,0.0012498495634645224
1561,validation,309,98.4375,0.04481322690844536
1562,validation,310,100.0,0.010327234864234924
1563,validation,311,100.0,0.00028349371859803796
1564,validation,312,100.0,0.00022459514730144292
1565,validation,313,100.0,0.0033098773565143347
1566,validation,314,98.4375,0.02152070961892605
1567,validation,315,100.0,0.0006204851088114083
1568,validation,316,100.0,0.007169365417212248
1569,validation,317,100.0,0.0030840637627989054
1570,validation,318,100.0,0.00025448205997236073
1571,validation,319,100.0,9.039376163855195e-05
1572,validation,320,98.4375,0.026787124574184418
1573,validation,321,100.0,0.0007057872717268765
1574,validation,322,98.4375,0.03595094755291939
1575,validation,323,100.0,0.010009264573454857
1576,validation,324,100.0,0.0011839322978630662
1577,validation,325,100.0,0.010149299167096615
1578,validation,326,100.0,0.0013300508726388216
1579,validation,327,100.0,0.0005574843380600214
1580,validation,328,98.4375,0.04127060994505882
1581,validation,329,100.0,0.007465778384357691
1582,validation,330,100.0,0.0006805416196584702
1583,validation,331,100.0,0.013885753229260445
1584,validation,332,100.0,0.002899294253438711
1585,validation,333,100.0,0.0008684546919539571
1586,validation,334,100.0,0.002186008496209979
1587,validation,335,100.0,0.004667140543460846
1588,validation,336,100.0,0.0003585235681384802
1589,validation,337,100.0,0.0002496948291081935
1590,validation,338,100.0,0.01303222868591547
1591,validation,339,100.0,0.00198961328715086
1592,validation,340,100.0,0.0014525315491482615
1593,validation,341,100.0,0.0005475449142977595
1594,validation,342,100.0,0.0014188071945682168
1595,validation,343,100.0,0.0005850015440955758
1596,validation,344,100.0,0.0024025863967835903
1597,validation,345,98.4375,0.025348719209432602
1598,validation,346,98.4375,0.09304714947938919
1599,validation,347,100.0,0.007608461193740368
1600,validation,348,100.0,0.0010447032982483506
1601,validation,349,100.0,0.000975053699221462
1602,validation,350,100.0,0.001961169997230172
1603,validation,351,100.0,0.0004126457206439227
1604,validation,352,98.4375,0.02035544253885746
1605,validation,353,100.0,0.0010125775588676333
1606,validation,354,98.4375,0.03584097698330879
1607,validation,355,100.0,0.0013216660590842366
1608,validation,356,98.4375,0.017673654481768608
1609,validation,357,96.875,0.10225499421358109
1610,validation,358,98.4375,0.03171524778008461
1611,validation,359,100.0,0.000512950005941093
1612,validation,360,100.0,0.0005004674312658608
1613,validation,361,100.0,0.00028769162599928677
1614,validation,362,100.0,0.0004967858549207449
1615,validation,363,100.0,0.002565558534115553
1616,validation,364,100.0,0.000635448086541146
1617,validation,365,100.0,0.0005256375297904015
1618,validation,366,100.0,0.0016613181214779615
1619,validation,367,98.4375,0.02171335741877556
1620,validation,368,100.0,0.003689237404614687
1621,validation,369,100.0,0.003399426117539406
1622,validation,370,100.0,0.001822521211579442
1623,validation,371,100.0,0.00019681407138705254
1624,validation,372,100.0,0.00020635437977034599
1625,validation,373,100.0,0.00018662461661733687
1626,validation,374,100.0,0.0017035070341080427
1627,validation,375,100.0,0.0003632594889495522
1628,train,1252,100.0,0.00019654487550724298
1629,train,1253,100.0,0.010052626021206379
1630,train,1254,98.4375,0.04646899551153183
1631,train,1255,100.0,0.021654900163412094
1632,train,1256,100.0,0.011262900196015835
1633,train,1257,100.0,0.001644851639866829
1634,train,1258,100.0,0.001027501537464559
1635,train,1259,100.0,0.004482814110815525
1636,train,1260,98.4375,0.02198212780058384
1637,train,1261,98.4375,0.08056047558784485
1638,train,1262,96.875,0.04470408707857132
1639,train,1263,98.4375,0.03210257366299629
1640,train,1264,100.0,0.007319497410207987
1641,train,1265,100.0,0.0010449099354445934
1642,train,1266,100.0,0.002827736083418131
1643,train,1267,98.4375,0.024005088955163956
1644,train,1268,98.4375,0.14569559693336487
1645,train,1269,100.0,0.002541898051276803
1646,train,1270,96.875,0.06166671961545944
1647,train,1271,98.4375,0.02447257563471794
1648,train,1272,100.0,0.014016552828252316
1649,train,1273,100.0,0.004999550059437752
1650,train,1274,100.0,0.0032816375605762005
1651,train,1275,96.875,0.12183347344398499
1652,train,1276,100.0,0.01852082461118698
1653,train,1277,100.0,0.003739149309694767
1654,train,1278,100.0,0.007340592332184315
1655,train,1279,98.4375,0.08726727217435837
1656,train,1280,100.0,0.00355887645855546
1657,train,1281,100.0,0.01177196204662323
1658,train,1282,100.0,0.006274471525102854
1659,train,1283,100.0,0.009160401299595833
1660,train,1284,100.0,0.009304788894951344
1661,train,1285,98.4375,0.030934376642107964
1662,train,1286,100.0,0.0008486051228828728
1663,train,1287,100.0,0.00327377044595778
1664,train,1288,96.875,0.24345839023590088
1665,train,1289,100.0,0.0021663676016032696
1666,train,1290,100.0,0.011107433587312698
1667,train,1291,96.875,0.10106789320707321
1668,train,1292,100.0,0.0008568553603254259
1669,train,1293,98.4375,0.02927214652299881
1670,train,1294,98.4375,0.10662655532360077
1671,train,1295,98.4375,0.051371559500694275
1672,train,1296,100.0,0.016430005431175232
1673,train,1297,96.875,0.04336138069629669
1674,train,1298,100.0,0.00591482687741518
1675,train,1299,98.4375,0.016124717891216278
1676,train,1300,100.0,0.0030279005877673626
1677,train,1301,98.4375,0.03813006356358528
1678,train,1302,96.875,0.11498203128576279
1679,train,1303,100.0,0.004949395544826984
1680,train,1304,98.4375,0.02598407305777073
1681,train,1305,96.875,0.061810702085494995
1682,train,1306,100.0,0.0020713824778795242
1683,train,1307,100.0,0.003000088967382908
1684,train,1308,98.4375,0.02238631621003151
1685,train,1309,100.0,0.01393042504787445
1686,train,1310,100.0,0.0007050813874229789
1687,train,1311,98.4375,0.014148847199976444
1688,train,1312,100.0,0.0011684235651046038
1689,train,1313,98.4375,0.05587330833077431
1690,train,1314,100.0,0.006127901375293732
1691,train,1315,96.875,0.10869962722063065
1692,train,1316,100.0,0.0019485835218802094
1693,train,1317,100.0,0.005757572595030069
1694,train,1318,95.3125,0.0776623785495758
1695,train,1319,100.0,0.00023194748791866004
1696,train,1320,98.4375,0.03462351858615875
1697,train,1321,98.4375,0.03708925098180771
1698,train,1322,100.0,0.0031154619064182043
1699,train,1323,100.0,9.539580787532032e-05
1700,train,1324,100.0,0.014389297924935818
1701,train,1325,100.0,0.010774824768304825
1702,train,1326,98.4375,0.02099684439599514
1703,train,1327,95.3125,0.14012856781482697
1704,train,1328,100.0,0.0009241777588613331
1705,train,1329,100.0,0.0034756192471832037
1706,train,1330,100.0,0.0016439682804048061
1707,train,1331,100.0,0.002230651443824172
1708,train,1332,100.0,0.00036406220169737935
1709,train,1333,100.0,0.0002382501115789637
1710,train,1334,98.4375,0.06202618032693863
1711,train,1335,100.0,0.0015540298772975802
1712,train,1336,100.0,0.0021924516186118126
1713,train,1337,98.4375,0.016155671328306198
1714,train,1338,100.0,0.01500691007822752
1715,train,1339,100.0,0.004978148732334375
1716,train,1340,95.3125,0.24489451944828033
1717,train,1341,100.0,0.000921810045838356
1718,train,1342,100.0,0.00032696701237000525
1719,train,1343,100.0,0.0013191893231123686
1720,train,1344,100.0,0.01686682552099228
1721,train,1345,95.3125,0.07335969060659409
1722,train,1346,100.0,0.00998188927769661
1723,train,1347,100.0,0.006580157205462456
1724,train,1348,100.0,0.005371364299207926
1725,train,1349,100.0,0.003074915846809745
1726,train,1350,100.0,0.006683171261101961
1727,train,1351,100.0,0.0015519479056820273
1728,train,1352,98.4375,0.026159292086958885
1729,train,1353,100.0,0.008374832570552826
1730,train,1354,96.875,0.06219141557812691
1731,train,1355,100.0,0.0003517467703204602
1732,train,1356,95.3125,0.09544677287340164
1733,train,1357,98.4375,0.027922652661800385
1734,train,1358,100.0,0.0022597438655793667
1735,train,1359,98.4375,0.040137700736522675
1736,train,1360,98.4375,0.05275207757949829
1737,train,1361,100.0,0.020936589688062668
1738,train,1362,98.4375,0.02391155995428562
1739,train,1363,100.0,0.001761751831509173
1740,train,1364,98.4375,0.021512115374207497
1741,train,1365,100.0,0.000882108579389751
1742,train,1366,98.4375,0.01624595932662487
1743,train,1367,100.0,0.0021868133917450905
1744,train,1368,100.0,0.001208369038067758
1745,train,1369,98.4375,0.06057488173246384
1746,train,1370,100.0,0.0008708122186362743
1747,train,1371,98.4375,0.020423075184226036
1748,train,1372,98.4375,0.02968406304717064
1749,train,1373,100.0,0.006951895542442799
1750,train,1374,100.0,0.009264616295695305
1751,train,1375,100.0,0.0001883472577901557
1752,train,1376,100.0,0.0033084999304264784
1753,train,1377,98.4375,0.017858004197478294
1754,train,1378,98.4375,0.022005220875144005
1755,train,1379,98.4375,0.1310584992170334
1756,train,1380,98.4375,0.03902904689311981
1757,train,1381,100.0,9.167715325020254e-05
1758,train,1382,100.0,0.0029921960085630417
1759,train,1383,100.0,0.01009452249854803
1760,train,1384,100.0,0.0032036604825407267
1761,train,1385,100.0,0.0034738327376544476
1762,train,1386,100.0,0.0002221203758381307
1763,train,1387,100.0,0.0061345212161540985
1764,train,1388,100.0,0.0011156958062201738
1765,train,1389,100.0,0.00422667246311903
1766,train,1390,96.875,0.09388502687215805
1767,train,1391,100.0,0.008562900125980377
1768,train,1392,98.4375,0.17128799855709076
1769,train,1393,100.0,0.00194835988804698
1770,train,1394,100.0,0.00010839650349225849
1771,train,1395,100.0,0.010033826343715191
1772,train,1396,100.0,0.0019735696259886026
1773,train,1397,100.0,0.0005092021310701966
1774,train,1398,100.0,0.0008092168718576431
1775,train,1399,93.75,0.11046777665615082
1776,train,1400,98.4375,0.08393805474042892
1777,train,1401,100.0,0.00011234023259021342
1778,train,1402,100.0,0.00031939000473357737
1779,train,1403,96.875,0.15471532940864563
1780,train,1404,100.0,0.0028595910407602787
1781,train,1405,98.4375,0.04494241997599602
1782,train,1406,100.0,0.002328207017853856
1783,train,1407,100.0,0.003925021272152662
1784,train,1408,98.4375,0.03361525386571884
1785,train,1409,98.4375,0.026048660278320312
1786,train,1410,100.0,0.005158718675374985
1787,train,1411,100.0,0.000989109743386507
1788,train,1412,98.4375,0.04638153314590454
1789,train,1413,98.4375,0.031442198902368546
1790,train,1414,96.875,0.1021718829870224
1791,train,1415,98.4375,0.03532356396317482
1792,train,1416,100.0,0.004790383856743574
1793,train,1417,100.0,0.0025596253108233213
1794,train,1418,100.0,0.014007039368152618
1795,train,1419,100.0,0.0027396450750529766
1796,train,1420,100.0,0.017272287979722023
1797,train,1421,98.4375,0.12864206731319427
1798,train,1422,98.4375,0.05163213983178139
1799,train,1423,98.4375,0.043215230107307434
1800,train,1424,98.4375,0.08679470419883728
1801,train,1425,100.0,0.0004429988330230117
1802,train,1426,100.0,0.00559162488207221
1803,train,1427,98.4375,0.02952299267053604
1804,train,1428,100.0,0.005900614894926548
1805,train,1429,95.3125,0.14431756734848022
1806,train,1430,100.0,0.002646996406838298
1807,train,1431,100.0,0.008386604487895966
1808,train,1432,100.0,0.002805564785376191
1809,train,1433,100.0,0.010631666518747807
1810,train,1434,96.875,0.06010369583964348
1811,train,1435,100.0,0.005940381437540054
1812,train,1436,100.0,0.0014951593475416303
1813,train,1437,98.4375,0.03852524980902672
1814,train,1438,98.4375,0.035821352154016495
1815,train,1439,100.0,0.02333805151283741
1816,train,1440,100.0,0.018759779632091522
1817,train,1441,100.0,0.005372968036681414
1818,train,1442,100.0,0.0017623744206503034
1819,train,1443,100.0,0.013475287705659866
1820,train,1444,98.4375,0.07651925832033157
1821,train,1445,100.0,0.0005211950046941638
1822,train,1446,98.4375,0.015531705692410469
1823,train,1447,100.0,0.0027889965567737818
1824,train,1448,98.4375,0.08285991102457047
1825,train,1449,100.0,0.0037972459103912115
1826,train,1450,98.4375,0.037719517946243286
1827,train,1451,100.0,0.0022137837950140238
1828,train,1452,100.0,7.573163020424545e-05
1829,train,1453,100.0,0.006643952801823616
1830,train,1454,98.4375,0.03344492241740227
1831,train,1455,100.0,0.0020884962286800146
1832,train,1456,100.0,0.007713615894317627
1833,train,1457,98.4375,0.05085734650492668
1834,train,1458,100.0,0.007846665568649769
1835,train,1459,100.0,0.019525185227394104
1836,train,1460,100.0,0.0021281326189637184
1837,train,1461,100.0,0.010391639545559883
1838,train,1462,100.0,0.0017356028547510505
1839,train,1463,96.875,0.16068696975708008
1840,train,1464,98.4375,0.14667809009552002
1841,train,1465,98.4375,0.02174769714474678
1842,train,1466,100.0,0.004022109787911177
1843,train,1467,100.0,0.010790486820042133
1844,train,1468,98.4375,0.024202808737754822
1845,train,1469,98.4375,0.014231150038540363
1846,train,1470,96.875,0.09196453541517258
1847,train,1471,96.875,0.0768321231007576
1848,train,1472,100.0,0.0011544135631993413
1849,train,1473,98.4375,0.0193004347383976
1850,train,1474,98.4375,0.026416046544909477
1851,train,1475,98.4375,0.019933249801397324
1852,train,1476,100.0,0.003999039530754089
1853,train,1477,100.0,0.0010047537507489324
1854,train,1478,100.0,0.005811561830341816
1855,train,1479,98.4375,0.04831099882721901
1856,train,1480,100.0,0.0047932886518538
1857,train,1481,96.875,0.1256418079137802
1858,train,1482,100.0,0.0005079419352114201
1859,train,1483,100.0,0.006535767111927271
1860,train,1484,100.0,0.029096081852912903
1861,train,1485,100.0,0.001619613030925393
1862,train,1486,100.0,0.00246379803866148
1863,train,1487,100.0,0.00563035998493433
1864,train,1488,100.0,0.0020272366236895323
1865,train,1489,100.0,0.002191549399867654
1866,train,1490,98.4375,0.014758674427866936
1867,train,1491,100.0,0.00025486722006462514
1868,train,1492,100.0,0.0013233852805569768
1869,train,1493,100.0,0.0002583599998615682
1870,train,1494,98.4375,0.037959251552820206
1871,train,1495,100.0,0.026889098808169365
1872,train,1496,100.0,0.002802934730425477
1873,train,1497,98.4375,0.048552099615335464
1874,train,1498,100.0,0.00011534550867509097
1875,train,1499,100.0,0.0026319106109440327
1876,train,1500,100.0,0.0002580048458185047
1877,train,1501,98.4375,0.047784458845853806
1878,train,1502,100.0,0.0012440523132681847
1879,train,1503,100.0,0.0018993399571627378
1880,train,1504,100.0,0.00022129376884549856
1881,train,1505,100.0,0.004919157829135656
1882,train,1506,100.0,0.0017805290408432484
1883,train,1507,100.0,0.006682027131319046
1884,train,1508,100.0,0.003990464378148317
1885,train,1509,100.0,0.0013459866167977452
1886,train,1510,100.0,0.005833313800394535
1887,train,1511,100.0,0.01416476909071207
1888,train,1512,100.0,6.486901838798076e-05
1889,train,1513,98.4375,0.048672229051589966
1890,train,1514,100.0,0.01068077702075243
1891,train,1515,100.0,0.009910193271934986
1892,train,1516,100.0,0.003387507051229477
1893,train,1517,100.0,0.012190885841846466
1894,train,1518,100.0,0.0030325413681566715
1895,train,1519,100.0,0.005101239308714867
1896,train,1520,98.4375,0.017663193866610527
1897,train,1521,100.0,0.000403981888666749
1898,train,1522,100.0,0.0015340259997174144
1899,train,1523,100.0,0.00013325198960956186
1900,train,1524,100.0,0.01333144586533308
1901,train,1525,100.0,0.00017505272990092635
1902,train,1526,100.0,0.0004033550212625414
1903,train,1527,100.0,0.0007119829533621669
1904,train,1528,100.0,0.0020605484023690224
1905,train,1529,100.0,0.0006662317318841815
1906,train,1530,98.4375,0.0251312293112278
1907,train,1531,100.0,0.0012356332736089826
1908,train,1532,98.4375,0.022663336247205734
1909,train,1533,100.0,0.0026133579667657614
1910,train,1534,98.4375,0.01563914492726326
1911,train,1535,100.0,0.0017312206327915192
1912,train,1536,100.0,0.010187092237174511
1913,train,1537,100.0,0.0011314803268760443
1914,train,1538,100.0,0.0007809625240042806
1915,train,1539,100.0,0.001949801342561841
1916,train,1540,100.0,0.0007850866531953216
1917,train,1541,98.4375,0.04260183870792389
1918,train,1542,100.0,0.0008836270426400006
1919,train,1543,100.0,0.008778629824519157
1920,train,1544,96.875,0.04887896776199341
1921,train,1545,100.0,0.003980135079473257
1922,train,1546,100.0,0.003431081771850586
1923,train,1547,100.0,0.0003608652332331985
1924,train,1548,100.0,0.0003947374934796244
1925,train,1549,100.0,0.0025160484947264194
1926,train,1550,100.0,0.003571608569473028
1927,train,1551,100.0,0.0014675782294943929
1928,train,1552,100.0,0.009357559494674206
1929,train,1553,100.0,0.0068125976249575615
1930,train,1554,100.0,0.00038815935840830207
1931,train,1555,100.0,0.001815009512938559
1932,train,1556,100.0,0.008776086382567883
1933,train,1557,98.4375,0.03256792202591896
1934,train,1558,100.0,0.010238840244710445
1935,train,1559,98.4375,0.0232783704996109
1936,train,1560,98.4375,0.01572381891310215
1937,train,1561,100.0,0.0036431504413485527
1938,train,1562,100.0,0.009267199784517288
1939,train,1563,100.0,0.002604349981993437
1940,train,1564,100.0,0.0008685967768542469
1941,validation,376,100.0,0.004349956288933754
1942,validation,377,100.0,0.0012665132526308298
1943,validation,378,100.0,0.0020469781011343002
1944,validation,379,100.0,0.0015225837705656886
1945,validation,380,100.0,0.0007675933884456754
1946,validation,381,100.0,3.946216747863218e-05
1947,validation,382,100.0,0.0006624626694247127
1948,validation,383,100.0,0.0032190061174333096
1949,validation,384,100.0,0.004522869363427162
1950,validation,385,100.0,0.0003276122151874006
1951,validation,386,100.0,0.0014148099580779672
1952,validation,387,100.0,0.00019164125842507929
1953,validation,388,100.0,0.00022428869851864874
1954,validation,389,100.0,0.00021232484141364694
1955,validation,390,100.0,0.0004295416292734444
1956,validation,391,100.0,0.00033175700809806585
1957,validation,392,100.0,0.0004335317062214017
1958,validation,393,100.0,0.0011002031387761235
1959,validation,394,100.0,5.730494376621209e-05
1960,validation,395,100.0,0.0004476259637158364
1961,validation,396,100.0,0.00042412112816236913
1962,validation,397,100.0,0.00028388723148964345
1963,validation,398,100.0,0.0035183527506887913
1964,validation,399,100.0,0.00010313253733329475
1965,validation,400,100.0,0.000813698919955641
1966,validation,401,100.0,0.00031295581720769405
1967,validation,402,100.0,0.002210422419011593
1968,validation,403,98.4375,0.022711507976055145
1969,validation,404,100.0,0.0005333730950951576
1970,validation,405,100.0,5.168626375962049e-05
1971,validation,406,100.0,0.0004204233118798584
1972,validation,407,100.0,0.004995475523173809
1973,validation,408,100.0,9.428263729205355e-05
1974,validation,409,100.0,0.0008609000942669809
1975,validation,410,98.4375,0.017337238416075706
1976,validation,411,100.0,0.0030355677008628845
1977,validation,412,100.0,0.00014302119961939752
1978,validation,413,100.0,0.0006351890042424202
1979,validation,414,100.0,0.0006984244682826102
1980,validation,415,100.0,0.00045015354407951236
1981,validation,416,98.4375,0.017616581171751022
1982,validation,417,98.4375,0.015415463596582413
1983,validation,418,100.0,0.0002232760889455676
1984,validation,419,100.0,0.0002748126571532339
1985,validation,420,100.0,0.0005240922910161316
1986,validation,421,100.0,0.0005166985793039203
1987,validation,422,100.0,0.0002292911958647892
1988,validation,423,100.0,0.011279728263616562
1989,validation,424,100.0,6.997218588367105e-05
1990,validation,425,100.0,0.0007463053916580975
1991,validation,426,100.0,0.0022008796222507954
1992,validation,427,100.0,0.0019531326834112406
1993,validation,428,100.0,0.004115507006645203
1994,validation,429,100.0,0.0005758702172897756
1995,validation,430,100.0,0.0010335617698729038
1996,validation,431,100.0,5.212955875322223e-05
1997,validation,432,100.0,0.0018611346604302526
1998,validation,433,98.4375,0.01671384461224079
1999,validation,434,100.0,0.0005741268978454173
2000,validation,435,100.0,0.0005147670162841678
2001,validation,436,100.0,0.002975574228912592
2002,validation,437,100.0,0.00013715025852434337
2003,validation,438,100.0,0.004756733775138855
2004,validation,439,100.0,0.0006587325478903949
2005,validation,440,100.0,0.0007305028266273439
2006,validation,441,100.0,0.0004378372977953404
2007,validation,442,98.4375,0.053108152002096176
2008,validation,443,100.0,0.0002830058801919222
2009,validation,444,100.0,0.0010727103799581528
2010,validation,445,100.0,0.00018920350703410804
2011,validation,446,100.0,6.21235667495057e-05
2012,validation,447,100.0,0.00026934617199003696
2013,validation,448,100.0,0.0003313483321107924
2014,validation,449,100.0,2.4064984245342202e-05
2015,validation,450,100.0,0.006510896608233452
2016,validation,451,100.0,0.0010907099349424243
2017,validation,452,100.0,0.0010659793624654412
2018,validation,453,100.0,4.404822175274603e-05
2019,validation,454,100.0,0.0025007149670273066
2020,validation,455,100.0,0.0003777940000873059
2021,validation,456,100.0,0.0008164576138369739
2022,validation,457,100.0,0.00011890817404491827
2023,validation,458,100.0,0.00014883214316796511
2024,validation,459,100.0,0.001969238044694066
2025,validation,460,100.0,0.0018834436777979136
2026,validation,461,100.0,0.00020682779722847044
2027,validation,462,100.0,0.00010794448462547734
2028,validation,463,100.0,0.0003262137761339545
2029,validation,464,100.0,7.970531441969797e-05
2030,validation,465,100.0,0.0017420630902051926
2031,validation,466,100.0,0.003197664162144065
2032,validation,467,98.4375,0.016334492713212967
2033,validation,468,98.4375,0.05132175236940384
2034,validation,469,97.91666666666666,0.029487332329154015
